0,"మూడుపైనే గురి..!.
",neutral,no,no,yes,no,
1,"నాటింగ్‌హామ్‌ : దక్షిణాఫ్రికా, ఆస్ట్రేలియా వంటి మేటి జట్లను ఓడించి జోరుమీద ఉన్న టీమిండియా నేడు టోర్నీ అండర్‌ డాగ్‌ న్యూజిలాండ్‌తో మూడో మ్యాచ్‌ ఆడనుంది.
",neutral,no,no,no,no,
2,"ఆసీస్‌ మ్యాచ్‌లో శతకంతో ఫామ్‌లోకి వచ్చిన శిఖర్‌ ధావన్‌ జట్టుకు దూరం కావడం భార త్‌కు పెద్ద ఎదురుదెబ్బే.
",neg,sad,no,no,no,
3,"దీంతో జుట్టులో సమీ కరణాలు మారనున్నాయి.
",neutral,no,no,yes,no,
4,"నాలుగులో కుదు రుకున్న కేఎల్‌ రాహుల్‌ ఓపెనింగ్‌కు వస్తాడా లేక మార్పు జరుగనుందా అనేది తేలాల్సి ఉంది.
",neutral,no,no,no,no,
