0,"మంచు విష్ణు గతంలో దేనికైనా రెడీ సినిమాలో కనిపించినట్టుగానే ఈ సినిమాలోనూ కనిపించాడు.
",None,None,None,None,None,
1,"దాదాపుగా అదే తరహా లుక్‌, క్యారెక్టరైజేషన్‌తో ఆకట్టుకునే ప్రయత్నం  చేశాడు.
",comp,no,no,no,no,
2,"తన పరిథి మేరకు కృష్ణమాచారి పాత్రకు న్యాయం చేశాడు.
",pos,happy,yes,yes,yes,
3,"ముఖ్యంగా యాక్షన్‌ సీన్స్‌లో మంచు విష్ణు పర్ఫామెన్స్‌ ఆకట్టుకుంటుంది.
",comp,fear,no,no,no,
4,"సీనియర్‌ నటుడు బ్రహ్మానందం తనకు అలవాటైన పాత్రలో మెప్పించారు.
",neutral,anger,no,no,no,
