0,"ఈసారి ఎన్నికల్లో స్టార్ల హడావుడి పెరిగింది.
",pos,happy,no,no,no,హడావుడి
1,"మన హీరోయిన్లు కూడా మన వద్ద పోటీ చేయడం లేదు.
",neg,sad,no,no,no,చేయడం లేదు
2,"కానీ మన వెటరన్ హీరోయిన్లు వేరే చోట్ల రాణించారు.
",pos,happy,no,no,no,రాణించారు
3,"సుమలత, జయప్రద వంటివారు ఉదాహరణ.
",neutral,no,no,no,no,
4,"అయితే, ఈసారి కాంటెంపరరీ హీరోయిన్లు కూడా ఎన్నికల బరిలో దిగారు.
",pos,no,no,no,no,
