0,"ఏప్రిల్‌ 12న ‘చిత్రలహరి’.
",neutral,no,no,yes,no,
1,"సాయిధరమ్‌ తేజ్‌ కథానాయకుడిగా నటించిన చిత్రం ‘చిత్రలహరి’.
",neutral,no,no,no,no,
2,"కిశోర్‌ తిరుమల దర్శకత్వం వహించారు.
",None,None,None,None,None,
3,"ఈ సినిమా టీజర్‌ను చిత్రబందం విడుదల చేసింది.
",None,None,None,None,None,
4,"‘చిత్రలహరి… అప్పట్లో దూర్‌దర్శన్‌లో ప్రతీ శుక్రవారం వచ్చే ఓ ప్రోగ్రామ్‌.
",None,None,None,None,None,
